name,isin,url
Aegon AM Sterling Corporate Bond Class B Accumulation,,https://www.direct.aviva.co.uk/wealth/FundChoice/SelfSelectFundsList/FundDetails/0745163/SelfSelectFund
Aegon AM Sterling Corporate Bond Class B Income,,https://www.direct.aviva.co.uk/wealth/FundChoice/SelfSelectFundsList/FundDetails/3159987/SelfSelectFund
Aegon AM Strategic Bond Class B Accumulation,,https://www.direct.aviva.co.uk/wealth/FundChoice/SelfSelectFundsList/FundDetails/B3ZLQW2/SelfSelectFund
Aegon AM Strategic Bond Class B Income,,https://www.direct.aviva.co.uk/wealth/FundChoice/SelfSelectFundsList/FundDetails/B00MY36/SelfSelectFund
Aegon AM Strategic Global Income Class B Accumulation,,https://www.direct.aviva.co.uk/wealth/FundChoice/SelfSelectFundsList/FundDetails/B296YZ5/SelfSelectFund
Aegon AM Strategic Global Income Class B Income,,https://www.direct.aviva.co.uk/wealth/FundChoice/SelfSelectFundsList/FundDetails/B296YW2/SelfSelectFund
Aegon AM Sustainable Equity Class B Accumulation,,https://www.direct.aviva.co.uk/wealth/FundChoice/SelfSelectFundsList/FundDetails/0727451/SelfSelectFund
Aegon AM UK Equity Class B Accumulation,,https://www.direct.aviva.co.uk/wealth/FundChoice/SelfSelectFundsList/FundDetails/0745141/SelfSelectFund
Aegon AM UK Equity Class B Income,,https://www.direct.aviva.co.uk/wealth/FundChoice/SelfSelectFundsList/FundDetails/3052268/SelfSelectFund
Aegon AM UK Smaller Companies Class B Accumulation,,https://www.direct.aviva.co.uk/wealth/FundChoice/SelfSelectFundsList/FundDetails/B142FS1/SelfSelectFund
Amundi Amundi Index MSCI Europe SRI PAB Class IG Accumulation,,https://www.direct.aviva.co.uk/wealth/FundChoice/SelfSelectFundsList/FundDetails/BJBYNS2/SelfSelectFund
Amundi Amundi Index MSCI Pacific Ex Japan SRI Class IG Accumulation,,https://www.direct.aviva.co.uk/wealth/FundChoice/SelfSelectFundsList/FundDetails/BNM5Q50/SelfSelectFund
Amundi Amundi Index MSCI USA SRI PAB Class IG Accumulation,,https://www.direct.aviva.co.uk/wealth/FundChoice/SelfSelectFundsList/FundDetails/BJBYNT3/SelfSelectFund
Amundi Amundi Index MSCI World SRI PAB Class IG (C) Accumulation,,https://www.direct.aviva.co.uk/wealth/FundChoice/SelfSelectFundsList/FundDetails/BJBYNV5/SelfSelectFund
Amundi Amundi MSCI Japan SRI Climate Paris Aligned Class IG Accumulation,,https://www.direct.aviva.co.uk/wealth/FundChoice/SelfSelectFundsList/FundDetails/BNM5Q61/SelfSelectFund
Amundi Amundi MSCI UK IMI SRI Climate Paris Aligned Class IG Accumulation,,https://www.direct.aviva.co.uk/wealth/FundChoice/SelfSelectFundsList/FundDetails/BNM5Q49/SelfSelectFund
Amundi Amundi Prime Japan Class IG Accumulation,,https://www.direct.aviva.co.uk/wealth/FundChoice/SelfSelectFundsList/FundDetails/BRJYTS2/SelfSelectFund
Amundi Amundi Prime UK Mid & Small Cap Class IG Accumulation,,https://www.direct.aviva.co.uk/wealth/FundChoice/SelfSelectFundsList/FundDetails/BRJYTR1/SelfSelectFund
Amundi Euro Aggregate Corporate SRI Class IHG Income,,https://www.direct.aviva.co.uk/wealth/FundChoice/SelfSelectFundsList/FundDetails/BKPV6B0/SelfSelectFund
Amundi Index MSCI EMU - RHG Class C Accumulation,,https://www.direct.aviva.co.uk/wealth/FundChoice/SelfSelectFundsList/FundDetails/BFZD9Y5/SelfSelectFund
Aviva Investors UK Funds UK Index Tracking Class 2 Income,,https://www.direct.aviva.co.uk/wealth/FundChoice/SelfSelectFundsList/FundDetails/B8XCGM2/SelfSelectFund
Aviva Investors UK Funds UK Listed Equity Income Class 2 Accumulation,,https://www.direct.aviva.co.uk/wealth/FundChoice/SelfSelectFundsList/FundDetails/B6R51K6/SelfSelectFund
Aviva Investors UK Funds UK Listed Equity Income Class 2 Income,,https://www.direct.aviva.co.uk/wealth/FundChoice/SelfSelectFundsList/FundDetails/0446080/SelfSelectFund
Aviva Investors UK Funds UK Listed Equity Unconstrained Class 2 Accumulation,,https://www.direct.aviva.co.uk/wealth/FundChoice/SelfSelectFundsList/FundDetails/0446035/SelfSelectFund
Aviva Investors UK Funds UK Listed Equity Unconstrained Class 2 Income,,https://www.direct.aviva.co.uk/wealth/FundChoice/SelfSelectFundsList/FundDetails/B7RBQX9/SelfSelectFund
Aviva Investors UK Funds UK Listed Small and Mid-Cap Class 2 Accumulation,,https://www.direct.aviva.co.uk/wealth/FundChoice/SelfSelectFundsList/FundDetails/0446057/SelfSelectFund
BNP Paribas Asset Management AXA Carbon Transition Sterling Buy and Maintain Credit Class Z Gross Accumulation,,https://www.direct.aviva.co.uk/wealth/FundChoice/SelfSelectFundsList/FundDetails/B7VXY26/SelfSelectFund
BNP Paribas Asset Management AXA Defensive Distribution Class Z Gross Accumulation,,https://www.direct.aviva.co.uk/wealth/FundChoice/SelfSelectFundsList/FundDetails/B03KM00/SelfSelectFund
BNP Paribas Asset Management AXA Defensive Distribution Class Z Gross Income,,https://www.direct.aviva.co.uk/wealth/FundChoice/SelfSelectFundsList/FundDetails/B03KM11/SelfSelectFund
BNP Paribas Asset Management AXA Distribution Class Z Accumulation,,https://www.direct.aviva.co.uk/wealth/FundChoice/SelfSelectFundsList/FundDetails/0616010/SelfSelectFund
BNY Mellon Global Emerging Markets Opportunities (GB) Class W (Net) Income,,https://www.direct.aviva.co.uk/wealth/FundChoice/SelfSelectFundsList/FundDetails/BVYPP91/SelfSelectFund
BNY Mellon Global Equity (GB) Class W Accumulation,,https://www.direct.aviva.co.uk/wealth/FundChoice/SelfSelectFundsList/FundDetails/B8376K5/SelfSelectFund
BNY Mellon Global Equity (GB) Class W Income,,https://www.direct.aviva.co.uk/wealth/FundChoice/SelfSelectFundsList/FundDetails/B53Q5S2/SelfSelectFund
BNY Mellon Global Equity Income Fund (Responsible) (GB) Class W Accumulation,,https://www.direct.aviva.co.uk/wealth/FundChoice/SelfSelectFundsList/FundDetails/BJ066Z7/SelfSelectFund
BNY Mellon Global Equity Income Fund (Responsible) (GB) Class W Income,,https://www.direct.aviva.co.uk/wealth/FundChoice/SelfSelectFundsList/FundDetails/BJ06709/SelfSelectFund
BNY Mellon Global High Yield Bond (GB) Class W Accumulation,,https://www.direct.aviva.co.uk/wealth/FundChoice/SelfSelectFundsList/FundDetails/B7KWF21/SelfSelectFund
BNY Mellon Global High Yield Bond (GB) Class W Income,,https://www.direct.aviva.co.uk/wealth/FundChoice/SelfSelectFundsList/FundDetails/B8BX3V5/SelfSelectFund
BNY Mellon Global Income (GB) Class W Accumulation,,https://www.direct.aviva.co.uk/wealth/FundChoice/SelfSelectFundsList/FundDetails/B7S9KM9/SelfSelectFund
BNY Mellon Global Income (GB) Class W Income,,https://www.direct.aviva.co.uk/wealth/FundChoice/SelfSelectFundsList/FundDetails/B8BQG48/SelfSelectFund
BNY Mellon Global Infrastructure Income (GB) Class W Accumulation,,https://www.direct.aviva.co.uk/wealth/FundChoice/SelfSelectFundsList/FundDetails/BDR8GH6/SelfSelectFund
Baillie Gifford Sustainable Growth - MERGED Class B Income,,https://www.direct.aviva.co.uk/wealth/FundChoice/SelfSelectFundsList/FundDetails/BDDY6H8/SelfSelectFund
Baillie Gifford UK Equity Alpha Class B Accumulation,,https://www.direct.aviva.co.uk/wealth/FundChoice/SelfSelectFundsList/FundDetails/0585819/SelfSelectFund
Baillie Gifford UK Equity Alpha Class B Income,,https://www.direct.aviva.co.uk/wealth/FundChoice/SelfSelectFundsList/FundDetails/0585790/SelfSelectFund
Barings Fund Managers Limited Eastern Trust Class I Accumulation,,https://www.direct.aviva.co.uk/wealth/FundChoice/SelfSelectFundsList/FundDetails/B9M3QP6/SelfSelectFund
Barings Fund Managers Limited Eastern Trust Class I Income,,https://www.direct.aviva.co.uk/wealth/FundChoice/SelfSelectFundsList/FundDetails/B85JKH4/SelfSelectFund
Barings Fund Managers Limited Europe Select Trust Class I Accumulation,,https://www.direct.aviva.co.uk/wealth/FundChoice/SelfSelectFundsList/FundDetails/BKXBBL7/SelfSelectFund
Barings Fund Managers Limited Europe Select Trust Class I Income,,https://www.direct.aviva.co.uk/wealth/FundChoice/SelfSelectFundsList/FundDetails/B7NB1W7/SelfSelectFund
Barings Fund Managers Limited European Growth Trust Class I Income,,https://www.direct.aviva.co.uk/wealth/FundChoice/SelfSelectFundsList/FundDetails/B8DDXV3/SelfSelectFund
Barings Fund Managers Limited German Growth Trust Class I Accumulation,,https://www.direct.aviva.co.uk/wealth/FundChoice/SelfSelectFundsList/FundDetails/B9M3QX4/SelfSelectFund
Barings Fund Managers Limited German Growth Trust Class I Hedged Accumulation,,https://www.direct.aviva.co.uk/wealth/FundChoice/SelfSelectFundsList/FundDetails/BX8ZV60/SelfSelectFund
BlackRock (Lux) BGF World Mining Class D2 Hedged Accumulation,,https://www.direct.aviva.co.uk/wealth/FundChoice/SelfSelectFundsList/FundDetails/B82XP07/SelfSelectFund
BlackRock (Lux) BGF World Mining Class D4 Income,,https://www.direct.aviva.co.uk/wealth/FundChoice/SelfSelectFundsList/FundDetails/B8QWF11/SelfSelectFund
BlackRock (Lux) BGF World Technology Class D2 Accumulation,,https://www.direct.aviva.co.uk/wealth/FundChoice/SelfSelectFundsList/FundDetails/B8KMZ39/SelfSelectFund
BlackRock (Lux) BSF BlackRock Systematic Global Equity Absolute Return Class D2 Hedged Accumulation,,https://www.direct.aviva.co.uk/wealth/FundChoice/SelfSelectFundsList/FundDetails/BQ717R3/SelfSelectFund
BlackRock (Lux) BSF BlackRock Systematic US Equity Absolute Return Class D2 Hedged Accumulation,,https://www.direct.aviva.co.uk/wealth/FundChoice/SelfSelectFundsList/FundDetails/BZ0P8C7/SelfSelectFund
BlackRock (Lux) BSF Emerging Markets Equity Strategies Class D2 Accumulation,,https://www.direct.aviva.co.uk/wealth/FundChoice/SelfSelectFundsList/FundDetails/BGY7PK3/SelfSelectFund
BlackRock (Lux) BSF Emerging Markets Flexi Dynamic Bond Class D4 Hedged Income,,https://www.direct.aviva.co.uk/wealth/FundChoice/SelfSelectFundsList/FundDetails/BP84020/SelfSelectFund
BlackRock (Lux) BSF Emerging Markets Flexi Dynamic Bond Class D4 Income,,https://www.direct.aviva.co.uk/wealth/FundChoice/SelfSelectFundsList/FundDetails/BGQYPV3/SelfSelectFund
BlackRock (Lux) BSF Global Event Driven Class D2 Hedged Accumulation,,https://www.direct.aviva.co.uk/wealth/FundChoice/SelfSelectFundsList/FundDetails/BDCNS92/SelfSelectFund
BlackRock (Lux) BSF Global Event Driven Class D4 Hedged Income,,https://www.direct.aviva.co.uk/wealth/FundChoice/SelfSelectFundsList/FundDetails/BMBX8M9/SelfSelectFund
BlackRock iShares Continental European Equity ESG Screened and Optimised Index Class D Accumulation,,https://www.direct.aviva.co.uk/wealth/FundChoice/SelfSelectFundsList/FundDetails/BN08ZZ4/SelfSelectFund
BlackRock iShares Continental European Equity ESG Screened and Optimised Index Class D Income,,https://www.direct.aviva.co.uk/wealth/FundChoice/SelfSelectFundsList/FundDetails/BN09007/SelfSelectFund
BlackRock iShares Continental European Equity Index Class D Accumulation,,https://www.direct.aviva.co.uk/wealth/FundChoice/SelfSelectFundsList/FundDetails/B83MH18/SelfSelectFund
BlackRock iShares Continental European Equity Index Class D Income,,https://www.direct.aviva.co.uk/wealth/FundChoice/SelfSelectFundsList/FundDetails/BV49ZM6/SelfSelectFund
BlackRock iShares Continental European Equity Index Class H Accumulation,,https://www.direct.aviva.co.uk/wealth/FundChoice/SelfSelectFundsList/FundDetails/BJL5BS1/SelfSelectFund
BlackRock iShares Continental European Equity Index Class H Income,,https://www.direct.aviva.co.uk/wealth/FundChoice/SelfSelectFundsList/FundDetails/BYTHMZ8/SelfSelectFund
BlackRock iShares Corporate Bond Index Class D Accumulation,,https://www.direct.aviva.co.uk/wealth/FundChoice/SelfSelectFundsList/FundDetails/B84DSW8/SelfSelectFund
BlackRock iShares Corporate Bond Index Class D Income,,https://www.direct.aviva.co.uk/wealth/FundChoice/SelfSelectFundsList/FundDetails/B7J60R4/SelfSelectFund
BlackRock iShares Corporate Bond Index Class H Accumulation,,https://www.direct.aviva.co.uk/wealth/FundChoice/SelfSelectFundsList/FundDetails/BJL5BV4/SelfSelectFund
BlackRock iShares Corporate Bond Index Class H Income,,https://www.direct.aviva.co.uk/wealth/FundChoice/SelfSelectFundsList/FundDetails/BKF2KH7/SelfSelectFund
Brown Advisory US Smaller Companies Fund Sterling Class B Income,,https://www.direct.aviva.co.uk/wealth/FundChoice/SelfSelectFundsList/FundDetails/B0PVDH5/SelfSelectFund
Brown Advisory US Sustainable Growth Fund Sterling Class B Accumulation,,https://www.direct.aviva.co.uk/wealth/FundChoice/SelfSelectFundsList/FundDetails/BF1T6V3/SelfSelectFund
Brown Advisory US Sustainable Growth Fund Sterling Class B H Accumulation,,https://www.direct.aviva.co.uk/wealth/FundChoice/SelfSelectFundsList/FundDetails/BF1T6W4/SelfSelectFund
Brown Advisory US Sustainable Growth Fund Sterling Class B Income,,https://www.direct.aviva.co.uk/wealth/FundChoice/SelfSelectFundsList/FundDetails/BF1T6X5/SelfSelectFund
Brown Advisory US Sustainable Value Fund Sterling Class B Shares Accumulation,,https://www.direct.aviva.co.uk/wealth/FundChoice/SelfSelectFundsList/FundDetails/BRBYJK2/SelfSelectFund
CCLA Fund Managers Limited CCLA Better World Global Equity Fund Class C Accumulation,,https://www.direct.aviva.co.uk/wealth/FundChoice/SelfSelectFundsList/FundDetails/BPP39M3/SelfSelectFund
CCLA Fund Managers Limited CCLA Better World Global Equity Fund Class C Income,,https://www.direct.aviva.co.uk/wealth/FundChoice/SelfSelectFundsList/FundDetails/BPP3BY9/SelfSelectFund
CCLA Fund Managers Limited CCLA Cautious Multi Asset Fund Class C Accumulation,,https://www.direct.aviva.co.uk/wealth/FundChoice/SelfSelectFundsList/FundDetails/BRSDDN3/SelfSelectFund
CCLA Fund Managers Limited CCLA Cautious Multi Asset Fund Class C Income,,https://www.direct.aviva.co.uk/wealth/FundChoice/SelfSelectFundsList/FundDetails/BRSDDP5/SelfSelectFund
CG Asset Management Absolute Return Class M Income,,https://www.direct.aviva.co.uk/wealth/FundChoice/SelfSelectFundsList/FundDetails/BYQ69B3/SelfSelectFund
CT Monthly Extra Income Class Z Accumulation,,https://www.direct.aviva.co.uk/wealth/FundChoice/SelfSelectFundsList/FundDetails/BP8S624/SelfSelectFund
CT Monthly Extra Income Class Z Income,,https://www.direct.aviva.co.uk/wealth/FundChoice/SelfSelectFundsList/FundDetails/B8BZ322/SelfSelectFund
CT Multi-Manager Universal Balanced B Accumulation,,https://www.direct.aviva.co.uk/wealth/FundChoice/SelfSelectFundsList/FundDetails/B7MXZP5/SelfSelectFund
CT Multi-Manager Universal Balanced B Income,,https://www.direct.aviva.co.uk/wealth/FundChoice/SelfSelectFundsList/FundDetails/B4YRCK8/SelfSelectFund
CT North American Systematic Equity 2 Accumulation,,https://www.direct.aviva.co.uk/wealth/FundChoice/SelfSelectFundsList/FundDetails/3028151/SelfSelectFund
CT Pan European Focus Class Z Accumulation,,https://www.direct.aviva.co.uk/wealth/FundChoice/SelfSelectFundsList/FundDetails/B60L2M0/SelfSelectFund
CT Property Growth & Income I Accumulation,,https://www.direct.aviva.co.uk/wealth/FundChoice/SelfSelectFundsList/FundDetails/BQWJ868/SelfSelectFund
CT Property Growth & Income I Income,,https://www.direct.aviva.co.uk/wealth/FundChoice/SelfSelectFundsList/FundDetails/BQWJ879/SelfSelectFund
CT Responsible Global Equity 2 Accumulation,,https://www.direct.aviva.co.uk/wealth/FundChoice/SelfSelectFundsList/FundDetails/3314504/SelfSelectFund
CT Responsible Global Equity 2 Income,,https://www.direct.aviva.co.uk/wealth/FundChoice/SelfSelectFundsList/FundDetails/B828PQ8/SelfSelectFund
Cerno Capital TM Cerno Pacific Class B Income,,https://www.direct.aviva.co.uk/wealth/FundChoice/SelfSelectFundsList/FundDetails/BDCJB02/SelfSelectFund
Cerno Capital TM Cerno Select Class C Accumulation,,https://www.direct.aviva.co.uk/wealth/FundChoice/SelfSelectFundsList/FundDetails/BCZXTP5/SelfSelectFund
Cerno Capital TM Cerno Select Class C Income,,https://www.direct.aviva.co.uk/wealth/FundChoice/SelfSelectFundsList/FundDetails/BCZXTN3/SelfSelectFund
Cerno Capital TM Mellifera Managed Fund Class B Income,,https://www.direct.aviva.co.uk/wealth/FundChoice/SelfSelectFundsList/FundDetails/B87SVX2/SelfSelectFund
Chikara Chikara Indian Subcontinent Class I GBP Accumulation,,https://www.direct.aviva.co.uk/wealth/FundChoice/SelfSelectFundsList/FundDetails/BG7PPG0/SelfSelectFund
Chikara Chikara Japan Income & Growth GBP Unhedged Inc Income,,https://www.direct.aviva.co.uk/wealth/FundChoice/SelfSelectFundsList/FundDetails/BKDSTW5/SelfSelectFund
Chikara Chikara Japan Income & Growth Income Class GBP Income,,https://www.direct.aviva.co.uk/wealth/FundChoice/SelfSelectFundsList/FundDetails/B8B2R10/SelfSelectFund
Cohen & Steers Cohen & Steers SICAV Diversified Real Assets Class F (Hedged) Accumulation,,https://www.direct.aviva.co.uk/wealth/FundChoice/SelfSelectFundsList/FundDetails/BNSNZY0/SelfSelectFund
Cohen & Steers Cohen & Steers SICAV Diversified Real Assets Class F Accumulation,,https://www.direct.aviva.co.uk/wealth/FundChoice/SelfSelectFundsList/FundDetails/BD5TQG0/SelfSelectFund
Cohen & Steers Cohen & Steers SICAV Diversified Real Assets Class W (Hedged) Accumulation,,https://www.direct.aviva.co.uk/wealth/FundChoice/SelfSelectFundsList/FundDetails/BN7DVN2/SelfSelectFund
EPFL SVS Cornelian Defensive Class D Accumulation,,https://www.direct.aviva.co.uk/wealth/FundChoice/SelfSelectFundsList/FundDetails/B5N17T2/SelfSelectFund
EPFL SVS Cornelian Defensive Class D Income,,https://www.direct.aviva.co.uk/wealth/FundChoice/SelfSelectFundsList/FundDetails/B5L3SC0/SelfSelectFund
EPFL SVS Cornelian Defensive RMP Class G Accumulation,,https://www.direct.aviva.co.uk/wealth/FundChoice/SelfSelectFundsList/FundDetails/BD72ZR1/SelfSelectFund
EPFL SVS Cornelian Defensive RMP Class G Income,,https://www.direct.aviva.co.uk/wealth/FundChoice/SelfSelectFundsList/FundDetails/BD6FSJ4/SelfSelectFund
EPFL SVS Cornelian Growth Class D Accumulation,,https://www.direct.aviva.co.uk/wealth/FundChoice/SelfSelectFundsList/FundDetails/B3RMNL1/SelfSelectFund
EPFL SVS Cornelian Growth Class D Income,,https://www.direct.aviva.co.uk/wealth/FundChoice/SelfSelectFundsList/FundDetails/B68Y9S6/SelfSelectFund
EPFL SVS Cornelian Growth RMP Class G Accumulation,,https://www.direct.aviva.co.uk/wealth/FundChoice/SelfSelectFundsList/FundDetails/BD73046/SelfSelectFund
EPFL SVS Cornelian Growth RMP Class G Income,,https://www.direct.aviva.co.uk/wealth/FundChoice/SelfSelectFundsList/FundDetails/BD6FSP0/SelfSelectFund
EPFL SVS Cornelian Managed Growth Class D Accumulation,,https://www.direct.aviva.co.uk/wealth/FundChoice/SelfSelectFundsList/FundDetails/B3KXCP8/SelfSelectFund
EPFL SVS Cornelian Managed Growth Class D Income,,https://www.direct.aviva.co.uk/wealth/FundChoice/SelfSelectFundsList/FundDetails/B3N1367/SelfSelectFund
FP Foresight Global Real Infrastructure Class A Accumulation,,https://www.direct.aviva.co.uk/wealth/FundChoice/SelfSelectFundsList/FundDetails/BK0T9T8/SelfSelectFund
FP Foresight Global Real Infrastructure Class A Income,,https://www.direct.aviva.co.uk/wealth/FundChoice/SelfSelectFundsList/FundDetails/BK0TB03/SelfSelectFund
FP Foresight Sustainable Future Themes Fund Class A Accumulation,,https://www.direct.aviva.co.uk/wealth/FundChoice/SelfSelectFundsList/FundDetails/BMYRR76/SelfSelectFund
FP Foresight Sustainable Future Themes Fund Class A Income,,https://www.direct.aviva.co.uk/wealth/FundChoice/SelfSelectFundsList/FundDetails/BMYRR87/SelfSelectFund
FP Foresight Sustainable Real Estate Securities Class A Accumulation,,https://www.direct.aviva.co.uk/wealth/FundChoice/SelfSelectFundsList/FundDetails/BMFYBB8/SelfSelectFund
FP Foresight Sustainable Real Estate Securities Class A Income,,https://www.direct.aviva.co.uk/wealth/FundChoice/SelfSelectFundsList/FundDetails/BMFYBC9/SelfSelectFund
FP Foresight UK Infrastructure Income Class A Accumulation,,https://www.direct.aviva.co.uk/wealth/FundChoice/SelfSelectFundsList/FundDetails/BF0VS92/SelfSelectFund
FP Foresight UK Infrastructure Income Class A Income,,https://www.direct.aviva.co.uk/wealth/FundChoice/SelfSelectFundsList/FundDetails/BF0VS81/SelfSelectFund
FP Imperium Adventurous Class A Accumulation,,https://www.direct.aviva.co.uk/wealth/FundChoice/SelfSelectFundsList/FundDetails/BYQ4HR9/SelfSelectFund
FP Imperium Balanced Class A Accumulation,,https://www.direct.aviva.co.uk/wealth/FundChoice/SelfSelectFundsList/FundDetails/BYQ4HM4/SelfSelectFund
Fidelity (Offshore) FF Asia Equity ESG Class W Accumulation,,https://www.direct.aviva.co.uk/wealth/FundChoice/SelfSelectFundsList/FundDetails/BJVDYR5/SelfSelectFund
Fidelity (Offshore) FF Asian Smaller Companies Class Y Accumulation,,https://www.direct.aviva.co.uk/wealth/FundChoice/SelfSelectFundsList/FundDetails/B54KP61/SelfSelectFund
Fidelity (Offshore) FF Asian Special Situations Class W Income,,https://www.direct.aviva.co.uk/wealth/FundChoice/SelfSelectFundsList/FundDetails/BY2Z9W5/SelfSelectFund
Fidelity (Offshore) FF China Focus Class Y Income,,https://www.direct.aviva.co.uk/wealth/FundChoice/SelfSelectFundsList/FundDetails/B51RX72/SelfSelectFund
Fidelity (Offshore) FF China RMB Bond Class W Accumulation,,https://www.direct.aviva.co.uk/wealth/FundChoice/SelfSelectFundsList/FundDetails/BY2Z9X6/SelfSelectFund
Fidelity (Offshore) FF Climate Solutions Class W Accumulation,,https://www.direct.aviva.co.uk/wealth/FundChoice/SelfSelectFundsList/FundDetails/BMZ1KL2/SelfSelectFund
Fidelity (Offshore) FF Climate Transition Bond Class W Hedged Income,,https://www.direct.aviva.co.uk/wealth/FundChoice/SelfSelectFundsList/FundDetails/BKT58V2/SelfSelectFund
Fidelity (Offshore) FF Emerging Asia Class W Accumulation,,https://www.direct.aviva.co.uk/wealth/FundChoice/SelfSelectFundsList/FundDetails/BJVDYT7/SelfSelectFund
Fidelity (Offshore) FF Emerging Market Total Return Debt Class W Hedged Accumulation,,https://www.direct.aviva.co.uk/wealth/FundChoice/SelfSelectFundsList/FundDetails/BL0KBS1/SelfSelectFund
Fidelity (Offshore) FF Emerging Markets Class W Accumulation,,https://www.direct.aviva.co.uk/wealth/FundChoice/SelfSelectFundsList/FundDetails/BJVDYV9/SelfSelectFund
Fidelity (Onshore) Long Dated Sterling Corporate Bond Class W Income,,https://www.direct.aviva.co.uk/wealth/FundChoice/SelfSelectFundsList/FundDetails/3140033/SelfSelectFund
Fidelity (Onshore) MoneyBuilder Balanced Class W Accumulation,,https://www.direct.aviva.co.uk/wealth/FundChoice/SelfSelectFundsList/FundDetails/BYRPGV8/SelfSelectFund
Fidelity (Onshore) MoneyBuilder Balanced Class W Income,,https://www.direct.aviva.co.uk/wealth/FundChoice/SelfSelectFundsList/FundDetails/B7XJFX0/SelfSelectFund
Fidelity (Onshore) MoneyBuilder Corporate Bond Class W Accumulation,,https://www.direct.aviva.co.uk/wealth/FundChoice/SelfSelectFundsList/FundDetails/BBGBFM0/SelfSelectFund
Fidelity (Onshore) MoneyBuilder Corporate Bond Class W Income,,https://www.direct.aviva.co.uk/wealth/FundChoice/SelfSelectFundsList/FundDetails/B3Z9PT6/SelfSelectFund
Fidelity (Onshore) Multi Asset Allocator Adventurous Class W Accumulation,,https://www.direct.aviva.co.uk/wealth/FundChoice/SelfSelectFundsList/FundDetails/B893BN5/SelfSelectFund
Fidelity (Onshore) Multi Asset Allocator Defensive Class W Accumulation,,https://www.direct.aviva.co.uk/wealth/FundChoice/SelfSelectFundsList/FundDetails/B8YQD22/SelfSelectFund
Fidelity (Onshore) Multi Asset Allocator Growth Class W Accumulation,,https://www.direct.aviva.co.uk/wealth/FundChoice/SelfSelectFundsList/FundDetails/B9C3GS9/SelfSelectFund
Fidelity (Onshore) Multi Asset Allocator Strategic Class W Accumulation,,https://www.direct.aviva.co.uk/wealth/FundChoice/SelfSelectFundsList/FundDetails/B99P934/SelfSelectFund
Fidelity (Onshore) Multi Asset Balanced Income Class W Accumulation,,https://www.direct.aviva.co.uk/wealth/FundChoice/SelfSelectFundsList/FundDetails/BJ4L7W2/SelfSelectFund
Franklin Templeton FTF Franklin European Unconstrained Fund Class W Accumulation,,https://www.direct.aviva.co.uk/wealth/FundChoice/SelfSelectFundsList/FundDetails/BP9LK97/SelfSelectFund
Franklin Templeton FTF Franklin European Unconstrained Fund Class W Income,,https://www.direct.aviva.co.uk/wealth/FundChoice/SelfSelectFundsList/FundDetails/BP9LKB9/SelfSelectFund
Franklin Templeton FTF Franklin Global Unconstrained Fund Class W Accumulation,,https://www.direct.aviva.co.uk/wealth/FundChoice/SelfSelectFundsList/FundDetails/BP9LKD1/SelfSelectFund
Franklin Templeton FTF Franklin Global Unconstrained Fund Class W Income,,https://www.direct.aviva.co.uk/wealth/FundChoice/SelfSelectFundsList/FundDetails/BP9LKF3/SelfSelectFund
Franklin Templeton FTF Franklin UK Gilt Class W Accumulation,,https://www.direct.aviva.co.uk/wealth/FundChoice/SelfSelectFundsList/FundDetails/BYZCTV2/SelfSelectFund
Franklin Templeton FTF Franklin UK Gilt Class W Income,,https://www.direct.aviva.co.uk/wealth/FundChoice/SelfSelectFundsList/FundDetails/BYZCTW3/SelfSelectFund
Franklin Templeton FTF Franklin US Opportunities Class W Accumulation,,https://www.direct.aviva.co.uk/wealth/FundChoice/SelfSelectFundsList/FundDetails/B7KCG40/SelfSelectFund
Franklin Templeton FTF Royce US Smaller Companies Class W Accumulation,,https://www.direct.aviva.co.uk/wealth/FundChoice/SelfSelectFundsList/FundDetails/BP9LKJ7/SelfSelectFund
Franklin Templeton FTF Templeton Global Emerging Markets Class W Accumulation,,https://www.direct.aviva.co.uk/wealth/FundChoice/SelfSelectFundsList/FundDetails/B7MZ0J0/SelfSelectFund
Franklin Templeton FTF Templeton Global Leaders Class W Accumulation,,https://www.direct.aviva.co.uk/wealth/FundChoice/SelfSelectFundsList/FundDetails/B7K6LK3/SelfSelectFund
Goldman Sachs Asset Management US Equity ESG Portfolio Class R Income,,https://www.direct.aviva.co.uk/wealth/FundChoice/SelfSelectFundsList/FundDetails/B99B9N2/SelfSelectFund
Goldman Sachs Asset Management US Small Cap CORE Equity Portfolio Class I (Snap) Accumulation,,https://www.direct.aviva.co.uk/wealth/FundChoice/SelfSelectFundsList/FundDetails/BQPFXK2/SelfSelectFund
Goldman Sachs Asset Management US Small Cap CORE Equity Portfolio Class R Income,,https://www.direct.aviva.co.uk/wealth/FundChoice/SelfSelectFundsList/FundDetails/B99B9T8/SelfSelectFund
Goldman Sachs Corporate Green Bond Class R (Hedged i) Accumulation,,https://www.direct.aviva.co.uk/wealth/FundChoice/SelfSelectFundsList/FundDetails/BP4BRW4/SelfSelectFund
Goldman Sachs Green Bond Short Duration Class I (Hedged i) Accumulation,,https://www.direct.aviva.co.uk/wealth/FundChoice/SelfSelectFundsList/FundDetails/BJHGN26/SelfSelectFund
Goodhart Partners Goodhart European Fund  Class R Income,,https://www.direct.aviva.co.uk/wealth/FundChoice/SelfSelectFundsList/FundDetails/BVBKJD1/SelfSelectFund
Goodhart Partners Goodhart Global Future Leaders Fund  Class R Income,,https://www.direct.aviva.co.uk/wealth/FundChoice/SelfSelectFundsList/FundDetails/BVBKJV9/SelfSelectFund
Goodhart Partners Goodhart Global Real Return Fund  Class R Income,,https://www.direct.aviva.co.uk/wealth/FundChoice/SelfSelectFundsList/FundDetails/BVBKJT7/SelfSelectFund
Goodhart Partners Goodhart Global Smaller Companies Fund Class R Income,,https://www.direct.aviva.co.uk/wealth/FundChoice/SelfSelectFundsList/FundDetails/BVBKJW0/SelfSelectFund
Goshawk Goshawk Global Fund Class B Accumulation,,https://www.direct.aviva.co.uk/wealth/FundChoice/SelfSelectFundsList/FundDetails/BZ000X7/SelfSelectFund
HSBC Pacific Index Class C Income,,https://www.direct.aviva.co.uk/wealth/FundChoice/SelfSelectFundsList/FundDetails/B80QGR2/SelfSelectFund
HSBC S&P 500 Equal Weight Equity Index Accumulation C Accumulation,,https://www.direct.aviva.co.uk/wealth/FundChoice/SelfSelectFundsList/FundDetails/BSZ8GD9/SelfSelectFund
HSBC S&P 500 Equal Weight Equity Index Income C Income,,https://www.direct.aviva.co.uk/wealth/FundChoice/SelfSelectFundsList/FundDetails/BSZ8FB0/SelfSelectFund
HSBC Shariah Multi Asset Class BC Accumulation,,https://www.direct.aviva.co.uk/wealth/FundChoice/SelfSelectFundsList/FundDetails/BR84734/SelfSelectFund
HSBC Sterling Corporate Bond Index Class C Accumulation,,https://www.direct.aviva.co.uk/wealth/FundChoice/SelfSelectFundsList/FundDetails/BYV9WC9/SelfSelectFund
HSBC Sterling Corporate Bond Index Class C Income,,https://www.direct.aviva.co.uk/wealth/FundChoice/SelfSelectFundsList/FundDetails/BYV9W85/SelfSelectFund
HSBC UK Gilt Index Class C Accumulation,,https://www.direct.aviva.co.uk/wealth/FundChoice/SelfSelectFundsList/FundDetails/B80QG38/SelfSelectFund
HSBC UK Gilt Index Class C Income,,https://www.direct.aviva.co.uk/wealth/FundChoice/SelfSelectFundsList/FundDetails/B80QG27/SelfSelectFund
HSBC UK Growth & Income Class C Accumulation,,https://www.direct.aviva.co.uk/wealth/FundChoice/SelfSelectFundsList/FundDetails/B715G37/SelfSelectFund
HSBC UK Growth & Income Class C Income,,https://www.direct.aviva.co.uk/wealth/FundChoice/SelfSelectFundsList/FundDetails/B86PKV5/SelfSelectFund
IFSL Marlborough Global High Yield Bond Class P Accumulation,,https://www.direct.aviva.co.uk/wealth/FundChoice/SelfSelectFundsList/FundDetails/BR54GM9/SelfSelectFund
IFSL Marlborough Global High Yield Bond Class P Income,,https://www.direct.aviva.co.uk/wealth/FundChoice/SelfSelectFundsList/FundDetails/B8L7D39/SelfSelectFund
IFSL Marlborough Global Innovation Class P Accumulation,,https://www.direct.aviva.co.uk/wealth/FundChoice/SelfSelectFundsList/FundDetails/B830MV7/SelfSelectFund
IFSL Marlborough Global SmallCap Class X Accumulation,,https://www.direct.aviva.co.uk/wealth/FundChoice/SelfSelectFundsList/FundDetails/BQPB236/SelfSelectFund
IFSL Marlborough Multi Cap Income Class P Accumulation,,https://www.direct.aviva.co.uk/wealth/FundChoice/SelfSelectFundsList/FundDetails/B907VX3/SelfSelectFund
IFSL Marlborough Multi Cap Income Class P Income,,https://www.direct.aviva.co.uk/wealth/FundChoice/SelfSelectFundsList/FundDetails/B908BY7/SelfSelectFund
IFSL Marlborough Multi-Cap Growth Class P Accumulation,,https://www.direct.aviva.co.uk/wealth/FundChoice/SelfSelectFundsList/FundDetails/BR54GN0/SelfSelectFund
IFSL Marlborough Multi-Cap Growth Class P Income,,https://www.direct.aviva.co.uk/wealth/FundChoice/SelfSelectFundsList/FundDetails/B8CQP95/SelfSelectFund
IFSL Marlborough Nano-Cap Growth Class P Accumulation,,https://www.direct.aviva.co.uk/wealth/FundChoice/SelfSelectFundsList/FundDetails/BF2ZV04/SelfSelectFund
IFSL Marlborough Portfolio 3 Class P Accumulation,,https://www.direct.aviva.co.uk/wealth/FundChoice/SelfSelectFundsList/FundDetails/BN2RPL5/SelfSelectFund
Invesco ICVC Global Equity Income (UK) Class Z Accumulation,,https://www.direct.aviva.co.uk/wealth/FundChoice/SelfSelectFundsList/FundDetails/B8N4606/SelfSelectFund
Invesco ICVC Global Equity Income (UK) Class Z Income,,https://www.direct.aviva.co.uk/wealth/FundChoice/SelfSelectFundsList/FundDetails/B8N4617/SelfSelectFund
Invesco ICVC Global Financial Capital (UK) Class Z Accumulation,,https://www.direct.aviva.co.uk/wealth/FundChoice/SelfSelectFundsList/FundDetails/B8N45K9/SelfSelectFund
Invesco ICVC Global Financial Capital (UK) Class Z Income,,https://www.direct.aviva.co.uk/wealth/FundChoice/SelfSelectFundsList/FundDetails/B8N45L0/SelfSelectFund
Invesco ICVC Global Focus (UK) Class Z Accumulation,,https://www.direct.aviva.co.uk/wealth/FundChoice/SelfSelectFundsList/FundDetails/B8N4628/SelfSelectFund
Invesco ICVC Global Income (UK) Class Z Accumulation,,https://www.direct.aviva.co.uk/wealth/FundChoice/SelfSelectFundsList/FundDetails/BKQV1J2/SelfSelectFund
Invesco ICVC Global Income (UK) Class Z Income,,https://www.direct.aviva.co.uk/wealth/FundChoice/SelfSelectFundsList/FundDetails/BKQV1L4/SelfSelectFund
Invesco ICVC Global Smaller Companies (UK) Class Z Accumulation,,https://www.direct.aviva.co.uk/wealth/FundChoice/SelfSelectFundsList/FundDetails/B8N46D9/SelfSelectFund
Invesco ICVC Global Smaller Companies (UK) Class Z Income,,https://www.direct.aviva.co.uk/wealth/FundChoice/SelfSelectFundsList/FundDetails/B8N46F1/SelfSelectFund
Invesco ICVC Global ex UK Core Equity Index (UK) (No Trail) Accumulation,,https://www.direct.aviva.co.uk/wealth/FundChoice/SelfSelectFundsList/FundDetails/B1C41T2/SelfSelectFund
JPMorgan Fund ICVC Europe (Ex-UK) Sustainable Equity Class C Accumulation,,https://www.direct.aviva.co.uk/wealth/FundChoice/SelfSelectFundsList/FundDetails/B235HP9/SelfSelectFund
JPMorgan Fund ICVC Europe (Ex-UK) Sustainable Equity Class C Income,,https://www.direct.aviva.co.uk/wealth/FundChoice/SelfSelectFundsList/FundDetails/B235HR1/SelfSelectFund
JPMorgan Fund ICVC Europe (ex-UK) Research Enhanced Index Equity Class E - Net Accumulation,,https://www.direct.aviva.co.uk/wealth/FundChoice/SelfSelectFundsList/FundDetails/BKTF1F7/SelfSelectFund
JPMorgan Fund ICVC Europe Dynamic (ex-UK) Class C - Net Class C [GBP] Accumulation Accumulation,,https://www.direct.aviva.co.uk/wealth/FundChoice/SelfSelectFundsList/FundDetails/B845HL6/SelfSelectFund
JPMorgan Fund ICVC Europe Dynamic (ex-UK) Class C - Net Hedged Accumulation,,https://www.direct.aviva.co.uk/wealth/FundChoice/SelfSelectFundsList/FundDetails/BCV7MM9/SelfSelectFund
JPMorgan Fund ICVC Europe Dynamic (ex-UK) Class C - Net Income,,https://www.direct.aviva.co.uk/wealth/FundChoice/SelfSelectFundsList/FundDetails/B7YLCD4/SelfSelectFund
JPMorgan Fund ICVC Global (ex-UK) Bond Class C Accumulation,,https://www.direct.aviva.co.uk/wealth/FundChoice/SelfSelectFundsList/FundDetails/B235J08/SelfSelectFund
JPMorgan Fund ICVC Global (ex-UK) Bond Class C Income,,https://www.direct.aviva.co.uk/wealth/FundChoice/SelfSelectFundsList/FundDetails/B235J19/SelfSelectFund
JPMorgan Fund ICVC Global Equity Income Class C - Net (Hedged) Accumulation,,https://www.direct.aviva.co.uk/wealth/FundChoice/SelfSelectFundsList/FundDetails/B8DB5B1/SelfSelectFund
JPMorgan Fund ICVC Global Equity Income Class C - Net Income,,https://www.direct.aviva.co.uk/wealth/FundChoice/SelfSelectFundsList/FundDetails/B78FJ53/SelfSelectFund
"JPMorgan Funds Middle East, Africa and Emerging Europe Opportunities Fund C Income",,https://www.direct.aviva.co.uk/wealth/FundChoice/SelfSelectFundsList/FundDetails/BPNZYF9/SelfSelectFund
JPMorgan Funds Multi-Manager Alternatives Fund (GBP Hedged) C Accumulation,,https://www.direct.aviva.co.uk/wealth/FundChoice/SelfSelectFundsList/FundDetails/BYTSJ05/SelfSelectFund
JPMorgan Funds Multi-Manager Alternatives Fund (GBP Hedged) C Income,,https://www.direct.aviva.co.uk/wealth/FundChoice/SelfSelectFundsList/FundDetails/BLR77H6/SelfSelectFund
JPMorgan Funds Taiwan Fund C Income,,https://www.direct.aviva.co.uk/wealth/FundChoice/SelfSelectFundsList/FundDetails/BMXMZL2/SelfSelectFund
JPMorgan Funds US Equity All Cap Fund C Income,,https://www.direct.aviva.co.uk/wealth/FundChoice/SelfSelectFundsList/FundDetails/BQ5BZ37/SelfSelectFund
JPMorgan Funds US Growth Fund C Income,,https://www.direct.aviva.co.uk/wealth/FundChoice/SelfSelectFundsList/FundDetails/B463WR1/SelfSelectFund
JPMorgan Funds US Select Equity Plus Fund (GBP Hedged) C Income,,https://www.direct.aviva.co.uk/wealth/FundChoice/SelfSelectFundsList/FundDetails/B6SKJ40/SelfSelectFund
JPMorgan Funds US Select Equity Plus Fund C Income,,https://www.direct.aviva.co.uk/wealth/FundChoice/SelfSelectFundsList/FundDetails/B83P472/SelfSelectFund
JPMorgan Funds US Value Fund C Income,,https://www.direct.aviva.co.uk/wealth/FundChoice/SelfSelectFundsList/FundDetails/B7JVJ72/SelfSelectFund
JPMorgan Investment Funds Europe Strategic Dividend Fund C Income,,https://www.direct.aviva.co.uk/wealth/FundChoice/SelfSelectFundsList/FundDetails/B94R173/SelfSelectFund
Jupiter Fund of Investment Trusts Class I Income,,https://www.direct.aviva.co.uk/wealth/FundChoice/SelfSelectFundsList/FundDetails/B8JWSG4/SelfSelectFund
Jupiter Global Asia Pacific Income Fund (IRL) Class I Accumulation,,https://www.direct.aviva.co.uk/wealth/FundChoice/SelfSelectFundsList/FundDetails/B8256T9/SelfSelectFund
Jupiter Global Dynamic Bond Class D Accumulation,,https://www.direct.aviva.co.uk/wealth/FundChoice/SelfSelectFundsList/FundDetails/B8YQRT7/SelfSelectFund
Jupiter Global Dynamic Bond ESG Class D Hedged Accumulation,,https://www.direct.aviva.co.uk/wealth/FundChoice/SelfSelectFundsList/FundDetails/BP4DTL3/SelfSelectFund
Jupiter Global Emerging Markets Class I Accumulation,,https://www.direct.aviva.co.uk/wealth/FundChoice/SelfSelectFundsList/FundDetails/B4PF591/SelfSelectFund
Jupiter Global Emerging Markets Class I Income,,https://www.direct.aviva.co.uk/wealth/FundChoice/SelfSelectFundsList/FundDetails/B6QGZ08/SelfSelectFund
Jupiter Global Financial Innovation Class I Accumulation,,https://www.direct.aviva.co.uk/wealth/FundChoice/SelfSelectFundsList/FundDetails/B58D9P3/SelfSelectFund
Jupiter Global Global High Yield Bond Class I HSC Accumulation,,https://www.direct.aviva.co.uk/wealth/FundChoice/SelfSelectFundsList/FundDetails/BK6H598/SelfSelectFund
Jupiter Global Global High Yield Bond Class I Q HSC Income,,https://www.direct.aviva.co.uk/wealth/FundChoice/SelfSelectFundsList/FundDetails/BK6H5D2/SelfSelectFund
Jupiter Global Gold & Silver Class R Accumulation,,https://www.direct.aviva.co.uk/wealth/FundChoice/SelfSelectFundsList/FundDetails/BYVJRH9/SelfSelectFund
Keyridge Asset Management WS Keyridge Diversified Risk Managed IV Class C Income,,https://www.direct.aviva.co.uk/wealth/FundChoice/SelfSelectFundsList/FundDetails/BJP0XT7/SelfSelectFund
Keyridge Asset Management WS Keyridge Diversified Risk Managed V Class C Accumulation,,https://www.direct.aviva.co.uk/wealth/FundChoice/SelfSelectFundsList/FundDetails/BLB05M2/SelfSelectFund
Keyridge Asset Management WS Keyridge Diversified Risk Managed VI Class C Accumulation,,https://www.direct.aviva.co.uk/wealth/FundChoice/SelfSelectFundsList/FundDetails/BP5J8Z7/SelfSelectFund
Keyridge Asset Management WS Keyridge European Class C Accumulation,,https://www.direct.aviva.co.uk/wealth/FundChoice/SelfSelectFundsList/FundDetails/BKRC149/SelfSelectFund
Keyridge Asset Management WS Keyridge Global Equity Class C Accumulation,,https://www.direct.aviva.co.uk/wealth/FundChoice/SelfSelectFundsList/FundDetails/B78SPK9/SelfSelectFund
Keyridge Asset Management WS Keyridge Global Macro Bond Class C Accumulation,,https://www.direct.aviva.co.uk/wealth/FundChoice/SelfSelectFundsList/FundDetails/B4LW2X9/SelfSelectFund
Keyridge Asset Management WS Keyridge Global Macro Bond Class C Income,,https://www.direct.aviva.co.uk/wealth/FundChoice/SelfSelectFundsList/FundDetails/B75H844/SelfSelectFund
Keyridge Asset Management WS Keyridge North American Class C Accumulation,,https://www.direct.aviva.co.uk/wealth/FundChoice/SelfSelectFundsList/FundDetails/B73N327/SelfSelectFund
Keyridge Asset Management WS Keyridge Portfolio III Class C Accumulation,,https://www.direct.aviva.co.uk/wealth/FundChoice/SelfSelectFundsList/FundDetails/B96T7P7/SelfSelectFund
Keyridge Asset Management WS Keyridge Portfolio III Class C Income,,https://www.direct.aviva.co.uk/wealth/FundChoice/SelfSelectFundsList/FundDetails/B8SC7T1/SelfSelectFund
Legal & General Future World ESG Screened and Selected Multi-Index 3 Class I Income,,https://www.direct.aviva.co.uk/wealth/FundChoice/SelfSelectFundsList/FundDetails/BMXVDP9/SelfSelectFund
Legal & General Future World ESG Screened and Selected Multi-Index 4 Class I Accumulation,,https://www.direct.aviva.co.uk/wealth/FundChoice/SelfSelectFundsList/FundDetails/BJ0M387/SelfSelectFund
Legal & General Future World ESG Screened and Selected Multi-Index 4 Class I Income,,https://www.direct.aviva.co.uk/wealth/FundChoice/SelfSelectFundsList/FundDetails/BJ0M398/SelfSelectFund
Legal & General Future World ESG Screened and Selected Multi-Index 5 Class I Accumulation,,https://www.direct.aviva.co.uk/wealth/FundChoice/SelfSelectFundsList/FundDetails/BJ0LSD4/SelfSelectFund
Legal & General Future World ESG Screened and Selected Multi-Index 5 Class I Income,,https://www.direct.aviva.co.uk/wealth/FundChoice/SelfSelectFundsList/FundDetails/BJ0LSF6/SelfSelectFund
Legal & General Future World ESG Screened and Selected Multi-Index 6 I Accumulation,,https://www.direct.aviva.co.uk/wealth/FundChoice/SelfSelectFundsList/FundDetails/BMX5HR1/SelfSelectFund
Legal & General Future World ESG Screened and Selected Multi-Index 6 I Income,,https://www.direct.aviva.co.uk/wealth/FundChoice/SelfSelectFundsList/FundDetails/BMX5HS2/SelfSelectFund
Legal & General Future World ESG Screened and Selected Multi-Index 7 I Accumulation,,https://www.direct.aviva.co.uk/wealth/FundChoice/SelfSelectFundsList/FundDetails/BMX5V13/SelfSelectFund
Legal & General Future World ESG Screened and Selected Multi-Index 7 I Income,,https://www.direct.aviva.co.uk/wealth/FundChoice/SelfSelectFundsList/FundDetails/BMX5V24/SelfSelectFund
Legal & General Future World ESG Tilted & Optimised Developed Index Class I Accumulation,,https://www.direct.aviva.co.uk/wealth/FundChoice/SelfSelectFundsList/FundDetails/BYWQWW9/SelfSelectFund
Legal & General UK 350 Index Class I Accumulation,,https://www.direct.aviva.co.uk/wealth/FundChoice/SelfSelectFundsList/FundDetails/BKT6B83/SelfSelectFund
Legal & General UK 350 Index Class I Income,,https://www.direct.aviva.co.uk/wealth/FundChoice/SelfSelectFundsList/FundDetails/BKT6B94/SelfSelectFund
Legal & General UK Equity Income Fund I Accumulation,,https://www.direct.aviva.co.uk/wealth/FundChoice/SelfSelectFundsList/FundDetails/B6HBD75/SelfSelectFund
Legal & General UK Equity Income Fund I Income,,https://www.direct.aviva.co.uk/wealth/FundChoice/SelfSelectFundsList/FundDetails/B56B1J7/SelfSelectFund
Legal & General UK Index Trust I Accumulation,,https://www.direct.aviva.co.uk/wealth/FundChoice/SelfSelectFundsList/FundDetails/B0CNGN1/SelfSelectFund
Legal & General UK Index Trust I Income,,https://www.direct.aviva.co.uk/wealth/FundChoice/SelfSelectFundsList/FundDetails/B0CNGM0/SelfSelectFund
Legal & General UK Mid Cap Index Fund Class I Accumulation,,https://www.direct.aviva.co.uk/wealth/FundChoice/SelfSelectFundsList/FundDetails/BQ1JYX8/SelfSelectFund
Legal & General UK Mid Cap Index Fund Class I Income,,https://www.direct.aviva.co.uk/wealth/FundChoice/SelfSelectFundsList/FundDetails/BQ1JYW7/SelfSelectFund
Legal & General UK Property Feeder Fund I Accumulation,,https://www.direct.aviva.co.uk/wealth/FundChoice/SelfSelectFundsList/FundDetails/BK35F40/SelfSelectFund
Legal & General UK Property Feeder Fund I Income,,https://www.direct.aviva.co.uk/wealth/FundChoice/SelfSelectFundsList/FundDetails/BK35F39/SelfSelectFund
Liontrust Multi Asset Explorer 70 Class S (Net) Income,,https://www.direct.aviva.co.uk/wealth/FundChoice/SelfSelectFundsList/FundDetails/BCZW6D9/SelfSelectFund
Liontrust Multi Asset Explorer 85 Class A (Net) Accumulation,,https://www.direct.aviva.co.uk/wealth/FundChoice/SelfSelectFundsList/FundDetails/B88MN82/SelfSelectFund
Liontrust Multi Asset Explorer 85 Class A (Net) Income,,https://www.direct.aviva.co.uk/wealth/FundChoice/SelfSelectFundsList/FundDetails/B714GR8/SelfSelectFund
Liontrust Multi Asset Explorer 85 Class S (Net) Accumulation,,https://www.direct.aviva.co.uk/wealth/FundChoice/SelfSelectFundsList/FundDetails/BCZW695/SelfSelectFund
Liontrust Multi Asset Explorer 85 Class S (Net) Income,,https://www.direct.aviva.co.uk/wealth/FundChoice/SelfSelectFundsList/FundDetails/BCZW6B7/SelfSelectFund
Liontrust Multi Asset Explorer Income 45 Class A Accumulation,,https://www.direct.aviva.co.uk/wealth/FundChoice/SelfSelectFundsList/FundDetails/B8HWD27/SelfSelectFund
Liontrust Multi Asset Explorer Income 45 Class A Income,,https://www.direct.aviva.co.uk/wealth/FundChoice/SelfSelectFundsList/FundDetails/B7WJTH3/SelfSelectFund
Liontrust Multi Asset Explorer Income 45 Class S (Net) Accumulation,,https://www.direct.aviva.co.uk/wealth/FundChoice/SelfSelectFundsList/FundDetails/BCZW6J5/SelfSelectFund
Liontrust Multi Asset Explorer Income 45 Class S (Net) Income,,https://www.direct.aviva.co.uk/wealth/FundChoice/SelfSelectFundsList/FundDetails/BCZW6H3/SelfSelectFund
Liontrust Multi Asset Explorer Income 60 Class A (Net) Accumulation,,https://www.direct.aviva.co.uk/wealth/FundChoice/SelfSelectFundsList/FundDetails/B7T3484/SelfSelectFund
M&G Episode Allocation Class I GBP Accumulation,,https://www.direct.aviva.co.uk/wealth/FundChoice/SelfSelectFundsList/FundDetails/B73RVW5/SelfSelectFund
M&G Episode Allocation Class I GBP Income,,https://www.direct.aviva.co.uk/wealth/FundChoice/SelfSelectFundsList/FundDetails/B71QKV6/SelfSelectFund
M&G Episode Growth Class I GBP Accumulation,,https://www.direct.aviva.co.uk/wealth/FundChoice/SelfSelectFundsList/FundDetails/B5V3ZY1/SelfSelectFund
M&G Episode Growth Class I GBP Income,,https://www.direct.aviva.co.uk/wealth/FundChoice/SelfSelectFundsList/FundDetails/B708D14/SelfSelectFund
M&G European Sustain Paris Aligned Class I GBP Accumulation,,https://www.direct.aviva.co.uk/wealth/FundChoice/SelfSelectFundsList/FundDetails/B5ZSNC6/SelfSelectFund
M&G European Sustain Paris Aligned Class I GBP Income,,https://www.direct.aviva.co.uk/wealth/FundChoice/SelfSelectFundsList/FundDetails/B6T93L1/SelfSelectFund
M&G European ex-UK Class Sterling I Accumulation,,https://www.direct.aviva.co.uk/wealth/FundChoice/SelfSelectFundsList/FundDetails/BM8HSJ1/SelfSelectFund
M&G European ex-UK Class Sterling I Income,,https://www.direct.aviva.co.uk/wealth/FundChoice/SelfSelectFundsList/FundDetails/BM8HSK2/SelfSelectFund
M&G Feeder of Property Portfolio (CLOSED) Class I GBP Accumulation,,https://www.direct.aviva.co.uk/wealth/FundChoice/SelfSelectFundsList/FundDetails/B7SX7S6/SelfSelectFund
M&G Feeder of Property Portfolio (CLOSED) Class I GBP Income,,https://www.direct.aviva.co.uk/wealth/FundChoice/SelfSelectFundsList/FundDetails/B842HT5/SelfSelectFund
MFS Meridian MFS Meridian Funds - European Value Class WH1 Accumulation,,https://www.direct.aviva.co.uk/wealth/FundChoice/SelfSelectFundsList/FundDetails/B432420/SelfSelectFund
MFS Meridian MFS Meridian Funds - Global Concentrated Class W1 Accumulation,,https://www.direct.aviva.co.uk/wealth/FundChoice/SelfSelectFundsList/FundDetails/BZ090J0/SelfSelectFund
MFS Meridian MFS Meridian Funds - Global Concentrated Class WH1 Accumulation,,https://www.direct.aviva.co.uk/wealth/FundChoice/SelfSelectFundsList/FundDetails/B8K8YP2/SelfSelectFund
MFS Meridian MFS Meridian Funds - Global Credit Class WH1 Accumulation,,https://www.direct.aviva.co.uk/wealth/FundChoice/SelfSelectFundsList/FundDetails/B44QWP0/SelfSelectFund
MFS Meridian MFS Meridian Funds - Global Equity Class W1 Accumulation,,https://www.direct.aviva.co.uk/wealth/FundChoice/SelfSelectFundsList/FundDetails/BZ090K1/SelfSelectFund
MFS Meridian MFS Meridian Funds - Global Equity Class WH1 Accumulation,,https://www.direct.aviva.co.uk/wealth/FundChoice/SelfSelectFundsList/FundDetails/B3ZNG51/SelfSelectFund
MFS Meridian MFS Meridian Funds - Global Equity Income Class WH1 Accumulation,,https://www.direct.aviva.co.uk/wealth/FundChoice/SelfSelectFundsList/FundDetails/BYM0FX3/SelfSelectFund
MFS Meridian MFS Meridian Funds - Global High Yield Class WH1 Accumulation,,https://www.direct.aviva.co.uk/wealth/FundChoice/SelfSelectFundsList/FundDetails/BVC3LX3/SelfSelectFund
MFS Meridian MFS Meridian Funds - Global Intrinsic Value Class W1 Accumulation,,https://www.direct.aviva.co.uk/wealth/FundChoice/SelfSelectFundsList/FundDetails/BYWL8H1/SelfSelectFund
MFS Meridian MFS Meridian Funds - Global Intrinsic Value Class WH1 Accumulation,,https://www.direct.aviva.co.uk/wealth/FundChoice/SelfSelectFundsList/FundDetails/BYWL8J3/SelfSelectFund
MI Verbatim Multi Index Portfolio 4 - Accumulation,,https://www.direct.aviva.co.uk/wealth/FundChoice/SelfSelectFundsList/FundDetails/B4N5YW9/SelfSelectFund
MI Verbatim Multi Index Portfolio 5 - Accumulation,,https://www.direct.aviva.co.uk/wealth/FundChoice/SelfSelectFundsList/FundDetails/B4WHDG3/SelfSelectFund
MI Verbatim Multi Index Portfolio 6 - Accumulation,,https://www.direct.aviva.co.uk/wealth/FundChoice/SelfSelectFundsList/FundDetails/B4W0ZG6/SelfSelectFund
MI Verbatim Portfolio 3 Class B Accumulation,,https://www.direct.aviva.co.uk/wealth/FundChoice/SelfSelectFundsList/FundDetails/B3PSD11/SelfSelectFund
MI Verbatim Portfolio 4 Class B Accumulation,,https://www.direct.aviva.co.uk/wealth/FundChoice/SelfSelectFundsList/FundDetails/B3P42N4/SelfSelectFund
MI Verbatim Portfolio 5 Growth Class B Accumulation,,https://www.direct.aviva.co.uk/wealth/FundChoice/SelfSelectFundsList/FundDetails/B3P2HB1/SelfSelectFund
MI Verbatim Portfolio 6 Class B Accumulation,,https://www.direct.aviva.co.uk/wealth/FundChoice/SelfSelectFundsList/FundDetails/B3MPJG2/SelfSelectFund
MI Verbatim Portfolio 7 Class B Accumulation,,https://www.direct.aviva.co.uk/wealth/FundChoice/SelfSelectFundsList/FundDetails/B3PVM13/SelfSelectFund
Macquarie Nomura Global Listed Infrastructure Fund Class A3 GBP Accumulation,,https://www.direct.aviva.co.uk/wealth/FundChoice/SelfSelectFundsList/FundDetails/BMYZ8P5/SelfSelectFund
Macquarie Nomura Global Listed Infrastructure Fund Class A3 GBP Q(dist) Income,,https://www.direct.aviva.co.uk/wealth/FundChoice/SelfSelectFundsList/FundDetails/BMYZ8Q6/SelfSelectFund
Margetts MGTS Future Money Dynamic Growth Fund Class S Accumulation,,https://www.direct.aviva.co.uk/wealth/FundChoice/SelfSelectFundsList/FundDetails/BN92HK6/SelfSelectFund
Margetts MGTS Future Money Income Fund Class S Accumulation,,https://www.direct.aviva.co.uk/wealth/FundChoice/SelfSelectFundsList/FundDetails/BN92H39/SelfSelectFund
Margetts MGTS Future Money Income Fund Class S Income,,https://www.direct.aviva.co.uk/wealth/FundChoice/SelfSelectFundsList/FundDetails/BN92H28/SelfSelectFund
Margetts MGTS Future Money Real Growth Fund Class R Accumulation,,https://www.direct.aviva.co.uk/wealth/FundChoice/SelfSelectFundsList/FundDetails/B7WPBV9/SelfSelectFund
Margetts MGTS Future Money Real Growth Fund Class S Accumulation,,https://www.direct.aviva.co.uk/wealth/FundChoice/SelfSelectFundsList/FundDetails/BN92FJ1/SelfSelectFund
Margetts MGTS Future Money Real Value Fund Class R Accumulation,,https://www.direct.aviva.co.uk/wealth/FundChoice/SelfSelectFundsList/FundDetails/B89JN48/SelfSelectFund
Margetts MGTS Future Money Real Value Fund Class S Accumulation,,https://www.direct.aviva.co.uk/wealth/FundChoice/SelfSelectFundsList/FundDetails/BN92814/SelfSelectFund
Margetts MGTS IBOSS 1 Class R Accumulation,,https://www.direct.aviva.co.uk/wealth/FundChoice/SelfSelectFundsList/FundDetails/BD8R5D1/SelfSelectFund
Margetts MGTS IBOSS 1 Class R Income,,https://www.direct.aviva.co.uk/wealth/FundChoice/SelfSelectFundsList/FundDetails/BD8R5F3/SelfSelectFund
Margetts MGTS IBOSS 2 Class R Accumulation,,https://www.direct.aviva.co.uk/wealth/FundChoice/SelfSelectFundsList/FundDetails/BD8R5G4/SelfSelectFund
Matthews Asia India Class I Accumulation,,https://www.direct.aviva.co.uk/wealth/FundChoice/SelfSelectFundsList/FundDetails/B3SWSK4/SelfSelectFund
Matthews Asia Japan Class I Accumulation,,https://www.direct.aviva.co.uk/wealth/FundChoice/SelfSelectFundsList/FundDetails/BWX5XY0/SelfSelectFund
Matthews Asia Pacific Tiger Class I Accumulation,,https://www.direct.aviva.co.uk/wealth/FundChoice/SelfSelectFundsList/FundDetails/B468PQ6/SelfSelectFund
Matthews Asia Pacific Tiger Class I Income,,https://www.direct.aviva.co.uk/wealth/FundChoice/SelfSelectFundsList/FundDetails/B4QM9J9/SelfSelectFund
McInroy & Wood Balanced Income Class Income,,https://www.direct.aviva.co.uk/wealth/FundChoice/SelfSelectFundsList/FundDetails/B7RRJ16/SelfSelectFund
McInroy & Wood Emerging Markets Income Class Income,,https://www.direct.aviva.co.uk/wealth/FundChoice/SelfSelectFundsList/FundDetails/B7SKS40/SelfSelectFund
McInroy & Wood Income Income Class Income,,https://www.direct.aviva.co.uk/wealth/FundChoice/SelfSelectFundsList/FundDetails/B8KQRW4/SelfSelectFund
McInroy & Wood Smaller Companies Income Class Income,,https://www.direct.aviva.co.uk/wealth/FundChoice/SelfSelectFundsList/FundDetails/B8NC4D9/SelfSelectFund
Minerva Fund Management Solutions Limite MF Eclipse Active Adventurous - Accumulation,,https://www.direct.aviva.co.uk/wealth/FundChoice/SelfSelectFundsList/FundDetails/BPW5RX9/SelfSelectFund
Minerva Fund Management Solutions Limite MF Eclipse Active Defensive - Accumulation,,https://www.direct.aviva.co.uk/wealth/FundChoice/SelfSelectFundsList/FundDetails/BPW5RW8/SelfSelectFund
Muzinich Muzinich Long Short Credit Yield Fund Class N GBP Accumulation Hedged Accumulation,,https://www.direct.aviva.co.uk/wealth/FundChoice/SelfSelectFundsList/FundDetails/BH3WKW3/SelfSelectFund
Muzinich Muzinich Long Short Credit Yield Fund Class N GBP Income Hedged Income,,https://www.direct.aviva.co.uk/wealth/FundChoice/SelfSelectFundsList/FundDetails/BYN6DR0/SelfSelectFund
Muzinich Muzinich Market Duration Enhancedyield Fund Class GBP Income S Hedged Income,,https://www.direct.aviva.co.uk/wealth/FundChoice/SelfSelectFundsList/FundDetails/B4PL7R1/SelfSelectFund
Muzinich Muzinich Short Duration High Yield Fund Class H Hedged GBP Accumulation,,https://www.direct.aviva.co.uk/wealth/FundChoice/SelfSelectFundsList/FundDetails/B96JH24/SelfSelectFund
Muzinich Muzinich Short Duration High Yield Fund Class H Hedged GBP Income,,https://www.direct.aviva.co.uk/wealth/FundChoice/SelfSelectFundsList/FundDetails/B96JNQ0/SelfSelectFund
Natixis Loomis Sayles Global Growth Equity Class N1/A (GBP) Accumulation,,https://www.direct.aviva.co.uk/wealth/FundChoice/SelfSelectFundsList/FundDetails/BGR7G41/SelfSelectFund
Natixis Mirova Euro Green & Sustainable Corporate Bond Class N H Accumulation,,https://www.direct.aviva.co.uk/wealth/FundChoice/SelfSelectFundsList/FundDetails/BMWS3M8/SelfSelectFund
Natixis Mirova Euro Short Term Sustainable Bond Class N/A Hedged Accumulation,,https://www.direct.aviva.co.uk/wealth/FundChoice/SelfSelectFundsList/FundDetails/BNKD902/SelfSelectFund
Natixis Mirova Global Sustainable Equity N1R/A-NPF GBP Accumulation,,https://www.direct.aviva.co.uk/wealth/FundChoice/SelfSelectFundsList/FundDetails/BR85ZV1/SelfSelectFund
Natixis TM Harris Associates Global Concentrated Equity Class N/A Accumulation,,https://www.direct.aviva.co.uk/wealth/FundChoice/SelfSelectFundsList/FundDetails/BN40501/SelfSelectFund
Polar Capital European (ex UK) Income Class I Hedged Income,,https://www.direct.aviva.co.uk/wealth/FundChoice/SelfSelectFundsList/FundDetails/BWX5D40/SelfSelectFund
Polar Capital European (ex UK) Income Class I Income,,https://www.direct.aviva.co.uk/wealth/FundChoice/SelfSelectFundsList/FundDetails/BWX5D28/SelfSelectFund
Polar Capital Financial Credit Class I Accumulation,,https://www.direct.aviva.co.uk/wealth/FundChoice/SelfSelectFundsList/FundDetails/B73PVZ2/SelfSelectFund
Polar Capital Financial Credit Class I Income,,https://www.direct.aviva.co.uk/wealth/FundChoice/SelfSelectFundsList/FundDetails/B4TCHT2/SelfSelectFund
Polar Capital Global Convertible Class I Accumulation,,https://www.direct.aviva.co.uk/wealth/FundChoice/SelfSelectFundsList/FundDetails/BCDBX71/SelfSelectFund
Polar Capital Global Convertible Class I Hedged Accumulation,,https://www.direct.aviva.co.uk/wealth/FundChoice/SelfSelectFundsList/FundDetails/BPH3MK0/SelfSelectFund
Polar Capital Global Convertible Class I Hedged Income,,https://www.direct.aviva.co.uk/wealth/FundChoice/SelfSelectFundsList/FundDetails/BPH3MJ9/SelfSelectFund
Polar Capital Global Convertible Class I Income,,https://www.direct.aviva.co.uk/wealth/FundChoice/SelfSelectFundsList/FundDetails/BCDBX60/SelfSelectFund
Polar Capital Global Convertible Class I Portfolio Currency Hedged Income,,https://www.direct.aviva.co.uk/wealth/FundChoice/SelfSelectFundsList/FundDetails/BYWG2G3/SelfSelectFund
Polar Capital Global Healthcare Select Class I Accumulation,,https://www.direct.aviva.co.uk/wealth/FundChoice/SelfSelectFundsList/FundDetails/BPRBXV2/SelfSelectFund
Premier Miton Premier Miton US Smaller Companies Class B Accumulation,,https://www.direct.aviva.co.uk/wealth/FundChoice/SelfSelectFundsList/FundDetails/BF54H99/SelfSelectFund
Principal GIF Finisterre Unconstrained Emerging Markets Fixed Income Hedged I Class Accumulation,,https://www.direct.aviva.co.uk/wealth/FundChoice/SelfSelectFundsList/FundDetails/BD2ZKY7/SelfSelectFund
Protea Funds Navera Core Equity With Fixed Income Strategy GBP Class A Acc Accumulation,,https://www.direct.aviva.co.uk/wealth/FundChoice/SelfSelectFundsList/FundDetails/BGNY9W5/SelfSelectFund
Protea Funds Navera Core Equity With Fixed Income Strategy GBP Class A Inc  Income,,https://www.direct.aviva.co.uk/wealth/FundChoice/SelfSelectFundsList/FundDetails/BGNY9V4/SelfSelectFund
Protea Funds Navera High Equity Strategy GBP Class A Acc  Accumulation,,https://www.direct.aviva.co.uk/wealth/FundChoice/SelfSelectFundsList/FundDetails/BG33GV0/SelfSelectFund
Protea Funds Navera High Equity Strategy GBP Class A Inc  Income,,https://www.direct.aviva.co.uk/wealth/FundChoice/SelfSelectFundsList/FundDetails/BG35PF3/SelfSelectFund
Protea Funds TM Navera Global Equity Strategy Class A Acc Accumulation,,https://www.direct.aviva.co.uk/wealth/FundChoice/SelfSelectFundsList/FundDetails/BNV0F82/SelfSelectFund
Protea Funds TM Navera Global Equity Strategy Class A Inc Income,,https://www.direct.aviva.co.uk/wealth/FundChoice/SelfSelectFundsList/FundDetails/BNV0FG0/SelfSelectFund
Pyrford International Global Total Return Class B Accumulation,,https://www.direct.aviva.co.uk/wealth/FundChoice/SelfSelectFundsList/FundDetails/BZ0CQG8/SelfSelectFund
Pyrford International Global Total Return Class B Income,,https://www.direct.aviva.co.uk/wealth/FundChoice/SelfSelectFundsList/FundDetails/BZ0CQH9/SelfSelectFund
Redwheel Next Generation Emerging Markets Equity Fund Class R GBP DIST Accumulation,,https://www.direct.aviva.co.uk/wealth/FundChoice/SelfSelectFundsList/FundDetails/BJH4ZN5/SelfSelectFund
Redwheel Next Generation Emerging Markets Equity Fund Class R GBP DIST Income,,https://www.direct.aviva.co.uk/wealth/FundChoice/SelfSelectFundsList/FundDetails/BJH52Z9/SelfSelectFund
Redwheel Responsible Global Income Fund Class R GBP DIST Income,,https://www.direct.aviva.co.uk/wealth/FundChoice/SelfSelectFundsList/FundDetails/BL69126/SelfSelectFund
Redwheel TM Redwheel Global Emerging Markets Fund Class R GBP DIST Accumulation,,https://www.direct.aviva.co.uk/wealth/FundChoice/SelfSelectFundsList/FundDetails/BN6JG47/SelfSelectFund
Redwheel TM Redwheel Global Emerging Markets Fund Class R GBP DIST Income,,https://www.direct.aviva.co.uk/wealth/FundChoice/SelfSelectFundsList/FundDetails/BN6JG92/SelfSelectFund
Redwheel TM Redwheel Global Equity Income Fund Class R GBP DIST Accumulation,,https://www.direct.aviva.co.uk/wealth/FundChoice/SelfSelectFundsList/FundDetails/BMBQMY8/SelfSelectFund
Redwheel TM Redwheel Global Equity Income Fund Class R GBP DIST Income,,https://www.direct.aviva.co.uk/wealth/FundChoice/SelfSelectFundsList/FundDetails/BMBQN67/SelfSelectFund
Redwheel TM Redwheel UK Equity Income Fund Class R GBP Dist Accumulation,,https://www.direct.aviva.co.uk/wealth/FundChoice/SelfSelectFundsList/FundDetails/BG34129/SelfSelectFund
Redwheel TM Redwheel UK Equity Income Fund Class R GBP Dist Income,,https://www.direct.aviva.co.uk/wealth/FundChoice/SelfSelectFundsList/FundDetails/BG34293/SelfSelectFund
Redwheel UK Value Class R GBP DIST Accumulation,,https://www.direct.aviva.co.uk/wealth/FundChoice/SelfSelectFundsList/FundDetails/BJBPXH4/SelfSelectFund
Royal London Global Sustainable Equity Fund Class M Accumulation,,https://www.direct.aviva.co.uk/wealth/FundChoice/SelfSelectFundsList/FundDetails/BL6V058/SelfSelectFund
Royal London Index Linked Gilt Class M Accumulation,,https://www.direct.aviva.co.uk/wealth/FundChoice/SelfSelectFundsList/FundDetails/B8DDWW7/SelfSelectFund
Royal London Index Linked Gilt Class M Income,,https://www.direct.aviva.co.uk/wealth/FundChoice/SelfSelectFundsList/FundDetails/B3MZ207/SelfSelectFund
Royal London International Government Bond Class M Income,,https://www.direct.aviva.co.uk/wealth/FundChoice/SelfSelectFundsList/FundDetails/B45XHL1/SelfSelectFund
Royal London Investment Grade Short Dated Credit Class Z Income,,https://www.direct.aviva.co.uk/wealth/FundChoice/SelfSelectFundsList/FundDetails/BYQTH29/SelfSelectFund
Royal London Japan Equity Tilt Fund Class M Accumulation,,https://www.direct.aviva.co.uk/wealth/FundChoice/SelfSelectFundsList/FundDetails/BQ2NKQ4/SelfSelectFund
Royal London Short Duration Credit M Accumulation,,https://www.direct.aviva.co.uk/wealth/FundChoice/SelfSelectFundsList/FundDetails/BJ4KW79/SelfSelectFund
Royal London Short Duration Credit M Income,,https://www.direct.aviva.co.uk/wealth/FundChoice/SelfSelectFundsList/FundDetails/BJ4KW80/SelfSelectFund
Royal London Short Duration Gilts M Income,,https://www.direct.aviva.co.uk/wealth/FundChoice/SelfSelectFundsList/FundDetails/BD050C7/SelfSelectFund
Royal London Short Duration Global High Yield Bond Class M Accumulation,,https://www.direct.aviva.co.uk/wealth/FundChoice/SelfSelectFundsList/FundDetails/BD0NHK8/SelfSelectFund
SVS Brown Shipley Growth I Accumulation,,https://www.direct.aviva.co.uk/wealth/FundChoice/SelfSelectFundsList/FundDetails/B3NNSP7/SelfSelectFund
SVS Brown Shipley Growth I Income,,https://www.direct.aviva.co.uk/wealth/FundChoice/SelfSelectFundsList/FundDetails/B3NGWQ5/SelfSelectFund
SVS Brown Shipley Income I Accumulation,,https://www.direct.aviva.co.uk/wealth/FundChoice/SelfSelectFundsList/FundDetails/B3QCN45/SelfSelectFund
SVS Brown Shipley Income I Income,,https://www.direct.aviva.co.uk/wealth/FundChoice/SelfSelectFundsList/FundDetails/B3QCN23/SelfSelectFund
SVS Heritage SVS Heritage Balanced Portfolio Class A Accumulation,,https://www.direct.aviva.co.uk/wealth/FundChoice/SelfSelectFundsList/FundDetails/BDQPPL5/SelfSelectFund
SVS Saltus SVS Saltus Multi Asset Class Fund Class X Accumulation,,https://www.direct.aviva.co.uk/wealth/FundChoice/SelfSelectFundsList/FundDetails/B6RPF48/SelfSelectFund
SVS Saltus SVS Saltus Wealth Fund Class X Accumulation,,https://www.direct.aviva.co.uk/wealth/FundChoice/SelfSelectFundsList/FundDetails/B6RLZP7/SelfSelectFund
Sanford DeLand Asset Management Ltd TM SDL UK Buffettology Fund General  Accumulation,,https://www.direct.aviva.co.uk/wealth/FundChoice/SelfSelectFundsList/FundDetails/BF0LDZ3/SelfSelectFund
Sanford DeLand Asset Management Ltd TM SDL UK Buffettology Fund General  Income,,https://www.direct.aviva.co.uk/wealth/FundChoice/SelfSelectFundsList/FundDetails/BKJ9C67/SelfSelectFund
Sanlam Catalyst Global Real Estate UCITS Fund Class F Accumulation,,https://www.direct.aviva.co.uk/wealth/FundChoice/SelfSelectFundsList/FundDetails/BMC3H65/SelfSelectFund
Schroder Global Cities Real Estate Class Z Accumulation,,https://www.direct.aviva.co.uk/wealth/FundChoice/SelfSelectFundsList/FundDetails/B1VPTY7/SelfSelectFund
Schroder Global Cities Real Estate Class Z Hedged Income,,https://www.direct.aviva.co.uk/wealth/FundChoice/SelfSelectFundsList/FundDetails/BYX7J19/SelfSelectFund
Schroder Global Cities Real Estate Class Z Income,,https://www.direct.aviva.co.uk/wealth/FundChoice/SelfSelectFundsList/FundDetails/B1VPTW5/SelfSelectFund
Schroder Global Emerging Markets Class Z Accumulation,,https://www.direct.aviva.co.uk/wealth/FundChoice/SelfSelectFundsList/FundDetails/B76V5Q6/SelfSelectFund
Schroder Global Emerging Markets Class Z Income,,https://www.direct.aviva.co.uk/wealth/FundChoice/SelfSelectFundsList/FundDetails/B76V5R7/SelfSelectFund
Schroder Global Equity Class Z Accumulation,,https://www.direct.aviva.co.uk/wealth/FundChoice/SelfSelectFundsList/FundDetails/BD8RLF5/SelfSelectFund
Schroder Global Equity Class Z Income,,https://www.direct.aviva.co.uk/wealth/FundChoice/SelfSelectFundsList/FundDetails/BD8RLD3/SelfSelectFund
Schroder Global Equity Income Class Z Accumulation,,https://www.direct.aviva.co.uk/wealth/FundChoice/SelfSelectFundsList/FundDetails/B76V7M6/SelfSelectFund
Schroder Global Equity Income Class Z Income,,https://www.direct.aviva.co.uk/wealth/FundChoice/SelfSelectFundsList/FundDetails/B76V7N7/SelfSelectFund
Schroder Global Healthcare Class Z Accumulation,,https://www.direct.aviva.co.uk/wealth/FundChoice/SelfSelectFundsList/FundDetails/B76V7Q0/SelfSelectFund
Schroder Strategic Bond Class Z Income,,https://www.direct.aviva.co.uk/wealth/FundChoice/SelfSelectFundsList/FundDetails/B717KH5/SelfSelectFund
Schroder Strategic Credit Fund Class L Accumulation,,https://www.direct.aviva.co.uk/wealth/FundChoice/SelfSelectFundsList/FundDetails/B11DP10/SelfSelectFund
Schroder Strategic Credit Fund Class L Income,,https://www.direct.aviva.co.uk/wealth/FundChoice/SelfSelectFundsList/FundDetails/B11DP09/SelfSelectFund
Schroder Strategic Credit Fund Class Z Accumulation,,https://www.direct.aviva.co.uk/wealth/FundChoice/SelfSelectFundsList/FundDetails/BJZ2ZC0/SelfSelectFund
Schroder Strategic Credit Fund Class Z Income,,https://www.direct.aviva.co.uk/wealth/FundChoice/SelfSelectFundsList/FundDetails/BJZ2ZK8/SelfSelectFund
Schroder Sustainable Bond Class Z Accumulation,,https://www.direct.aviva.co.uk/wealth/FundChoice/SelfSelectFundsList/FundDetails/B57BFC7/SelfSelectFund
Schroder Sustainable Bond Class Z Income,,https://www.direct.aviva.co.uk/wealth/FundChoice/SelfSelectFundsList/FundDetails/B5W01T8/SelfSelectFund
Schroder Sustainable Future Multi-Asset Class Z Accumulation,,https://www.direct.aviva.co.uk/wealth/FundChoice/SelfSelectFundsList/FundDetails/B2Q1N56/SelfSelectFund
Schroder Sustainable Future Multi-Asset Class Z Income,,https://www.direct.aviva.co.uk/wealth/FundChoice/SelfSelectFundsList/FundDetails/B2Q1N90/SelfSelectFund
Schroder Sustainable UK Equity Class Z Accumulation,,https://www.direct.aviva.co.uk/wealth/FundChoice/SelfSelectFundsList/FundDetails/3231272/SelfSelectFund
Time Investments ARC TIME Property Income & Growth PAIF Class A Gross Accumulation,,https://www.direct.aviva.co.uk/wealth/FundChoice/SelfSelectFundsList/FundDetails/BMH7WH8/SelfSelectFund
Time Investments ARC TIME Property Income & Growth PAIF Class B Net Accumulation,,https://www.direct.aviva.co.uk/wealth/FundChoice/SelfSelectFundsList/FundDetails/BMH7WJ0/SelfSelectFund
Time Investments ARC TIME Property Income & Growth PAIF Class C Gross Income,,https://www.direct.aviva.co.uk/wealth/FundChoice/SelfSelectFundsList/FundDetails/BMH7WK1/SelfSelectFund
Time Investments ARC TIME Property Income & Growth PAIF Class D Net Income,,https://www.direct.aviva.co.uk/wealth/FundChoice/SelfSelectFundsList/FundDetails/BMH7WL2/SelfSelectFund
Time Investments ARC TIME Social Property Feeder Trust Class I Accumulation,,https://www.direct.aviva.co.uk/wealth/FundChoice/SelfSelectFundsList/FundDetails/BJK12P4/SelfSelectFund
Time Investments ARC TIME Social Property Feeder Trust Class J Income,,https://www.direct.aviva.co.uk/wealth/FundChoice/SelfSelectFundsList/FundDetails/BJK12Q5/SelfSelectFund
Time Investments ARC TIME UK Infrastructure Income Fund II Class C Accumulation,,https://www.direct.aviva.co.uk/wealth/FundChoice/SelfSelectFundsList/FundDetails/BP5GQC1/SelfSelectFund
Time Investments ARC TIME UK Infrastructure Income Fund II Class C Income,,https://www.direct.aviva.co.uk/wealth/FundChoice/SelfSelectFundsList/FundDetails/BP50HT7/SelfSelectFund
TrinityBridge Balanced Portfolio Class X Acc Accumulation,,https://www.direct.aviva.co.uk/wealth/FundChoice/SelfSelectFundsList/FundDetails/B7KDKJ6/SelfSelectFund
TrinityBridge Balanced Tactical Passive Class X Acc Accumulation,,https://www.direct.aviva.co.uk/wealth/FundChoice/SelfSelectFundsList/FundDetails/B8HS8W0/SelfSelectFund
Valu-Trac VT Active Portfolio Overlay Class C Accumulation,,https://www.direct.aviva.co.uk/wealth/FundChoice/SelfSelectFundsList/FundDetails/BYV0VQ9/SelfSelectFund
Valu-Trac VT Aggressive Portfolio Overlay Class C Accumulation,,https://www.direct.aviva.co.uk/wealth/FundChoice/SelfSelectFundsList/FundDetails/BYV0VR0/SelfSelectFund
Valu-Trac VT Aspen Four Seasons I Class Accumulation,,https://www.direct.aviva.co.uk/wealth/FundChoice/SelfSelectFundsList/FundDetails/BN91TN0/SelfSelectFund
Valu-Trac VT Asset Intelligence Defensive Class R Accumulation,,https://www.direct.aviva.co.uk/wealth/FundChoice/SelfSelectFundsList/FundDetails/BM9GMD9/SelfSelectFund
Valu-Trac VT Asset Intelligence Growth Class R Accumulation,,https://www.direct.aviva.co.uk/wealth/FundChoice/SelfSelectFundsList/FundDetails/BM9GMG2/SelfSelectFund
Valu-Trac VT Astute Balanced - Accumulation,,https://www.direct.aviva.co.uk/wealth/FundChoice/SelfSelectFundsList/FundDetails/BKWGB57/SelfSelectFund
Valu-Trac VT Astute Conservative - Accumulation,,https://www.direct.aviva.co.uk/wealth/FundChoice/SelfSelectFundsList/FundDetails/BKWGB46/SelfSelectFund
Valu-Trac VT Astute Growth - Accumulation,,https://www.direct.aviva.co.uk/wealth/FundChoice/SelfSelectFundsList/FundDetails/BKWGB68/SelfSelectFund
Valu-Trac VT Balanced Portfolio Overlay Class C Accumulation,,https://www.direct.aviva.co.uk/wealth/FundChoice/SelfSelectFundsList/FundDetails/BYV0VP8/SelfSelectFund
Valu-Trac VT Blackwood Keystone Class B Income,,https://www.direct.aviva.co.uk/wealth/FundChoice/SelfSelectFundsList/FundDetails/BMDGRC9/SelfSelectFund
Valu-Trac VT Tyndall North American Class F Hedged Accumulation,,https://www.direct.aviva.co.uk/wealth/FundChoice/SelfSelectFundsList/FundDetails/BDG28F1/SelfSelectFund
Valu-Trac VT Tyndall North American Class F Hedged Income,,https://www.direct.aviva.co.uk/wealth/FundChoice/SelfSelectFundsList/FundDetails/BDG28G2/SelfSelectFund
Valu-Trac VT Tyndall North American Class F Income,,https://www.direct.aviva.co.uk/wealth/FundChoice/SelfSelectFundsList/FundDetails/BDH3R34/SelfSelectFund
Valu-Trac VT Tyndall Unconstrained UK Income Fund Class A Accumulation,,https://www.direct.aviva.co.uk/wealth/FundChoice/SelfSelectFundsList/FundDetails/BYX0D61/SelfSelectFund
Valu-Trac VT Tyndall Unconstrained UK Income Fund Class A Income,,https://www.direct.aviva.co.uk/wealth/FundChoice/SelfSelectFundsList/FundDetails/BYX0D83/SelfSelectFund
Valu-Trac VT Vanneck Defensive - Income,,https://www.direct.aviva.co.uk/wealth/FundChoice/SelfSelectFundsList/FundDetails/BFYT977/SelfSelectFund
Valu-Trac VT Vanneck Global Equity Class B Accumulation,,https://www.direct.aviva.co.uk/wealth/FundChoice/SelfSelectFundsList/FundDetails/BJ4G2B1/SelfSelectFund
Valu-Trac VT Vanneck Global Equity Class B Income,,https://www.direct.aviva.co.uk/wealth/FundChoice/SelfSelectFundsList/FundDetails/BJ4G2C2/SelfSelectFund
Valu-Trac VT Woodhill UK Equity Strategic - Income,,https://www.direct.aviva.co.uk/wealth/FundChoice/SelfSelectFundsList/FundDetails/BMTRT64/SelfSelectFund
"Vanguard ActiveLife Climate Aware 40-50%
Equity Class A Accumulation",,https://www.direct.aviva.co.uk/wealth/FundChoice/SelfSelectFundsList/FundDetails/BMCQRZ3/SelfSelectFund
Vanguard Target Retirement 2050 Class A Accumulation,,https://www.direct.aviva.co.uk/wealth/FundChoice/SelfSelectFundsList/FundDetails/BZ6VKT0/SelfSelectFund
Vanguard Target Retirement 2055 Class A Accumulation,,https://www.direct.aviva.co.uk/wealth/FundChoice/SelfSelectFundsList/FundDetails/BZ6VKV2/SelfSelectFund
Vanguard Target Retirement 2060 Class A Accumulation,,https://www.direct.aviva.co.uk/wealth/FundChoice/SelfSelectFundsList/FundDetails/BF38WW1/SelfSelectFund
Vanguard Target Retirement 2065 Class A Accumulation,,https://www.direct.aviva.co.uk/wealth/FundChoice/SelfSelectFundsList/FundDetails/BF38WX2/SelfSelectFund
Vanguard U.K Government Bond Index GBP Accumulation,,https://www.direct.aviva.co.uk/wealth/FundChoice/SelfSelectFundsList/FundDetails/B1S7537/SelfSelectFund
Vanguard U.K Government Bond Index GBP Income,,https://www.direct.aviva.co.uk/wealth/FundChoice/SelfSelectFundsList/FundDetails/B1S7582/SelfSelectFund
Vanguard U.K Investment Grade Bond Index GBP Accumulation,,https://www.direct.aviva.co.uk/wealth/FundChoice/SelfSelectFundsList/FundDetails/B1S74Q3/SelfSelectFund
Vanguard U.K Investment Grade Bond Index GBP Income,,https://www.direct.aviva.co.uk/wealth/FundChoice/SelfSelectFundsList/FundDetails/B1S74W9/SelfSelectFund
Vanguard U.K. Inflation-Linked Gilt Index GBP Accumulation,,https://www.direct.aviva.co.uk/wealth/FundChoice/SelfSelectFundsList/FundDetails/B45Q903/SelfSelectFund
Vanguard U.K. Inflation-Linked Gilt Index GBP Income,,https://www.direct.aviva.co.uk/wealth/FundChoice/SelfSelectFundsList/FundDetails/B467FS5/SelfSelectFund
WS Guinness WS Guinness Global Energy Fund Class I Accumulation,,https://www.direct.aviva.co.uk/wealth/FundChoice/SelfSelectFundsList/FundDetails/B56FW07/SelfSelectFund
WS Havelock Global Select A Accumulation,,https://www.direct.aviva.co.uk/wealth/FundChoice/SelfSelectFundsList/FundDetails/BFM7DN7/SelfSelectFund
WS Investment Funds ICVC VI WS CISA Adventurous Fund Retail Class A Accumulation,,https://www.direct.aviva.co.uk/wealth/FundChoice/SelfSelectFundsList/FundDetails/BNHS234/SelfSelectFund
WS Investment Funds ICVC VI WS CISA Conservative Fund Retail Class A Accumulation,,https://www.direct.aviva.co.uk/wealth/FundChoice/SelfSelectFundsList/FundDetails/BNHS212/SelfSelectFund
WS Investment Funds ICVC VI WS CISA Growth Fund Retail Class A Accumulation,,https://www.direct.aviva.co.uk/wealth/FundChoice/SelfSelectFundsList/FundDetails/BNHS223/SelfSelectFund
WS Lancaster Funds WS Lancaster Absolute Return Class I Accumulation,,https://www.direct.aviva.co.uk/wealth/FundChoice/SelfSelectFundsList/FundDetails/B55NGS8/SelfSelectFund
WS Lightman Investment Funds WS Lightman European Fund Class R Accumulation,,https://www.direct.aviva.co.uk/wealth/FundChoice/SelfSelectFundsList/FundDetails/BGPFJN7/SelfSelectFund
WS Lightman Investment Funds WS Lightman European Fund Class R Income,,https://www.direct.aviva.co.uk/wealth/FundChoice/SelfSelectFundsList/FundDetails/BJCWFZ6/SelfSelectFund
WS Montanaro Better World Fund Class A Accumulation,,https://www.direct.aviva.co.uk/wealth/FundChoice/SelfSelectFundsList/FundDetails/BJRCFP1/SelfSelectFund
WS Montanaro Europe (ex-UK) Small and Mid-Cap Fund Class A Accumulation,,https://www.direct.aviva.co.uk/wealth/FundChoice/SelfSelectFundsList/FundDetails/BJRCFY0/SelfSelectFund
Wise Funds Limited IFSL Wise Multi-Asset Income Class B Accumulation,,https://www.direct.aviva.co.uk/wealth/FundChoice/SelfSelectFundsList/FundDetails/B0LJ1M4/SelfSelectFund
Wise Funds Limited IFSL Wise Multi-Asset Income Class B Income,,https://www.direct.aviva.co.uk/wealth/FundChoice/SelfSelectFundsList/FundDetails/B0LJ016/SelfSelectFund
Yealand Fund Services Limited Electric & General Investment Fund Class A Accumulation Accumulation,,https://www.direct.aviva.co.uk/wealth/FundChoice/SelfSelectFundsList/FundDetails/BKTPGL8/SelfSelectFund
Yealand Fund Services Limited Electric & General Investment Fund Class A Income Income,,https://www.direct.aviva.co.uk/wealth/FundChoice/SelfSelectFundsList/FundDetails/B52CBS3/SelfSelectFund
Yealand Fund Services Limited Whitman UK Small Cap Growth Class B Accumulation,,https://www.direct.aviva.co.uk/wealth/FundChoice/SelfSelectFundsList/FundDetails/BMTM505/SelfSelectFund
Yealand Fund Services Limited YFS Argonaut Absolute Return Class R Accumulation,,https://www.direct.aviva.co.uk/wealth/FundChoice/SelfSelectFundsList/FundDetails/B7FT1K7/SelfSelectFund
Yealand Fund Services Limited YFS Argonaut Flexible A Class Accumulation,,https://www.direct.aviva.co.uk/wealth/FundChoice/SelfSelectFundsList/FundDetails/BTCLCP2/SelfSelectFund
Yealand Fund Services Limited YFS Argonaut Flexible A Class Income,,https://www.direct.aviva.co.uk/wealth/FundChoice/SelfSelectFundsList/FundDetails/BTCLCQ3/SelfSelectFund
Yealand Fund Services Limited YFS Argonaut Flexible I Class Accumulation,,https://www.direct.aviva.co.uk/wealth/FundChoice/SelfSelectFundsList/FundDetails/BTCLCR4/SelfSelectFund
Yealand Fund Services Limited YFS Argonaut Flexible I Class Income,,https://www.direct.aviva.co.uk/wealth/FundChoice/SelfSelectFundsList/FundDetails/BTCLCS5/SelfSelectFund
abrdn OEIC abrdn MyFolio Multi-Manager IV Class I Accumulation,,https://www.direct.aviva.co.uk/wealth/FundChoice/SelfSelectFundsList/FundDetails/B4WCRZ5/SelfSelectFund
abrdn OEIC abrdn MyFolio Multi-Manager V Class I Accumulation,,https://www.direct.aviva.co.uk/wealth/FundChoice/SelfSelectFundsList/FundDetails/B52YK93/SelfSelectFund
abrdn OEIC abrdn MyFolio Multi-Manager V Class I Income,,https://www.direct.aviva.co.uk/wealth/FundChoice/SelfSelectFundsList/FundDetails/BHZCS05/SelfSelectFund
abrdn OEIC abrdn MyFolio Sustainable IV Institutional Class B Accumulation,,https://www.direct.aviva.co.uk/wealth/FundChoice/SelfSelectFundsList/FundDetails/BN4R643/SelfSelectFund
abrdn OEIC abrdn MyFolio Sustainable Index V Class B Fixed Accumulation,,https://www.direct.aviva.co.uk/wealth/FundChoice/SelfSelectFundsList/FundDetails/BMXNWV4/SelfSelectFund
abrdn OEIC abrdn North American Small & Mid-Cap Equity Fund Class I Accumulation,,https://www.direct.aviva.co.uk/wealth/FundChoice/SelfSelectFundsList/FundDetails/0448309/SelfSelectFund
abrdn OEIC abrdn Short Dated Corporate Bond Class I Accumulation,,https://www.direct.aviva.co.uk/wealth/FundChoice/SelfSelectFundsList/FundDetails/BZCGBQ3/SelfSelectFund
abrdn OEIC abrdn Short Dated Corporate Bond Class I Income,,https://www.direct.aviva.co.uk/wealth/FundChoice/SelfSelectFundsList/FundDetails/BZCGBR4/SelfSelectFund
abrdn OEIC abrdn Short Dated Global Corporate Bond Tracker Class B Accumulation,,https://www.direct.aviva.co.uk/wealth/FundChoice/SelfSelectFundsList/FundDetails/BG08N39/SelfSelectFund
abrdn OEIC abrdn Short Dated Global Inflation-Linked Bond Tracker Class B Accumulation,,https://www.direct.aviva.co.uk/wealth/FundChoice/SelfSelectFundsList/FundDetails/BGMK173/SelfSelectFund
